original_title,genre,duration,actors,,,,,,,,,,,,,,,,,,,duration
The Shawshank Redemption,Drama,2.366666667,"Tim Robbins, Morgan Freeman, Bob Gunton, William Sadler, Clancy Brown, Gil Bellows, Mark Rolston, James Whitmore, Jeffrey DeMunn, Larry Brandenburg, Neil Giuntoli, Brian Libby, David Proval, Joseph Ragno, Jude Ciccolella",,,,,,,,,,,,,,,,,,,142
The Godfather,"Crime, Drama",2.916666667,"Marlon Brando, Al Pacino, James Caan, Richard S. Castellano, Robert Duvall, Sterling Hayden, John Marley, Richard Conte, Al Lettieri, Diane Keaton, Abe Vigoda, Talia Shire, Gianni Russo, John Cazale, Rudy Bond",,,,,,,,,,,,,,,,,,,175
The Godfather: Part II,"Crime, Drama",3.366666667,"Al Pacino, Robert Duvall, Diane Keaton, Robert De Niro, John Cazale, Talia Shire, Lee Strasberg, Michael V. Gazzo, G.D. Spradlin, Richard Bright, Gastone Moschin, Tom Rosqui, Bruno Kirby, Frank Sivero, Francesca De Sapio",,,,,,,,,,,,,,,,,,,202
The Dark Knight,"Action, Crime, Drama",2.533333333,"Christian Bale, Heath Ledger, Aaron Eckhart, Michael Caine, Maggie Gyllenhaal, Gary Oldman, Morgan Freeman, Monique Gabriela Curnen, Ron Dean, Cillian Murphy, Chin Han, Nestor Carbonell, Eric Roberts, Ritchie Coster, Anthony Michael Hall",,,,,,,,,,,,,,,,,,,152
12 Angry Men,"Crime, Drama",1.6,"Martin Balsam, John Fiedler, Lee J. Cobb, E.G. Marshall, Jack Klugman, Edward Binns, Jack Warden, Henry Fonda, Joseph Sweeney, Ed Begley, George Voskovec, Robert Webber",,,,,,,,,,,,,,,,,,,96
Schindler's List,"Biography, Drama, History",3.25,"Liam Neeson, Ben Kingsley, Ralph Fiennes, Caroline Goodall, Jonathan Sagall, Embeth Davidtz, Malgorzata Gebel, Shmuel Levy, Mark Ivanir, Béatrice Macola, Andrzej Seweryn, Friedrich von Thun, Krzysztof Luft, Harry Nehring, Norbert Weisser",,,,,,,,,,,,,,,,,,,195
Pulp Fiction,"Crime, Drama",2.566666667,"Tim Roth, Amanda Plummer, Laura Lovelace, John Travolta, Samuel L. Jackson, Phil LaMarr, Frank Whaley, Burr Steers, Bruce Willis, Ving Rhames, Paul Calderon, Bronagh Gallagher, Rosanna Arquette, Eric Stoltz, Uma Thurman",,,,,,,,,,,,,,,,,,,154
The Lord of the Rings: The Return of the King,"Action, Adventure, Drama",3.35,"Noel Appleby, Ali Astin, Sean Astin, David Aston, John Bach, Sean Bean, Cate Blanchett, Orlando Bloom, Billy Boyd, Sadwyn Brophy, Alistair Browning, Marton Csokas, Richard Edge, Jason Fitch, Bernard Hill",,,,,,,,,,,,,,,,,,,201
"Il buono, il brutto, il cattivo",Western,2.683333333,"Eli Wallach, Clint Eastwood, Lee Van Cleef, Aldo Giuffrè, Luigi Pistilli, Rada Rassimov, Enzo Petito, Claudio Scarchilli, John Bartha, Livio Lorenzon, Antonio Casale, Sandro Scarchilli, Benito Stefanelli, Angelo Novi, Antonio Casas",,,,,,,,,,,,,,,,,,,161
Forrest Gump,"Drama, Romance",2.366666667,"Tom Hanks, Rebecca Williams, Sally Field, Michael Conner Humphreys, Harold G. Herthum, George Kelly, Bob Penny, John Randall, Sam Anderson, Margo Moorer, Ione M. Telech, Christine Seabrook, John Worsham, Peter Dobson, Siobhan Fallon Hogan",,,,,,,,,,,,,,,,,,,142
The Lord of the Rings: The Fellowship of the Ring,"Action, Adventure, Drama",2.966666667,"Alan Howard, Noel Appleby, Sean Astin, Sala Baker, Sean Bean, Cate Blanchett, Orlando Bloom, Billy Boyd, Marton Csokas, Megan Edwards, Michael Elsworth, Mark Ferguson, Ian Holm, Christopher Lee, Lawrence Makoare",,,,,,,,,,,,,,,,,,,178
Fight Club,Drama,2.316666667,"Edward Norton, Brad Pitt, Meat Loaf, Zach Grenier, Richmond Arquette, David Andrews, George Maguire, Eugenie Bondurant, Helena Bonham Carter, Christina Cabot, Sydney 'Big Dawg' Colston, Rachel Singer, Christie Cronenweth, Tim DeZarn, Ezra Buzzington",,,,,,,,,,,,,,,,,,,139
Inception,"Action, Adventure, Sci-Fi",2.466666667,"Leonardo DiCaprio, Joseph Gordon-Levitt, Ellen Page, Tom Hardy, Ken Watanabe, Dileep Rao, Cillian Murphy, Tom Berenger, Marion Cotillard, Pete Postlethwaite, Michael Caine, Lukas Haas, Tai-Li Lee, Claire Geare, Magnus Nolan",,,,,,,,,,,,,,,,,,,148
Dag II,"Action, Drama, War",2.25,"Caglar Ertugrul, Ufuk Bayraktar, Ahu Türkpençe, Murat Serezli, Atilgan Gümüs, Murat Arkin, Armagan Oguz, Ahmet Pinar, Açelya Özcan, Bedii Akin, Eylül Arular, Buse Varol, Ozan Agaç, Emir Benderlioglu, Ender Arular",,,,,,,,,,,,,,,,,,,135
Dil Bechara,"Comedy, Drama, Romance",1.683333333,"Sushant Singh Rajput, Sanjana Sanghi, Sahil Vaid, Saswata Chatterjee, Swastika Mukherjee, Sunit Tandon, Saif Ali Khan, Michael Muthu, Rajie Vijay Sarathi, Subbalakshmi, Franaita Jijana, Durgesh Kumar, Salone Mehta, Anandita Sarkar, Nimisha Dean",,,,,,,,,,,,,,,,,,,101
One Flew Over the Cuckoo's Nest,Drama,2.216666667,"Jack Nicholson, Louise Fletcher, Will Sampson, Michael Berryman, Alonzo Brown, Peter Brocco, Scatman Crothers, Dean R. Brooks, Mwako Cumbuka, Danny DeVito, William Duell, Josip Elic, Lan Fendors, Nathan George, Ken Kenny",,,,,,,,,,,,,,,,,,,133
Star Wars: Episode V - The Empire Strikes Back,"Action, Adventure, Fantasy",2.066666667,"Mark Hamill, Harrison Ford, Carrie Fisher, Billy Dee Williams, Anthony Daniels, David Prowse, Peter Mayhew, Kenny Baker, Frank Oz, Alec Guinness, Jeremy Bulloch, John Hollis, Jack Purvis, Des Webb, Clive Revill",,,,,,,,,,,,,,,,,,,124
Goodfellas,"Biography, Crime, Drama",2.433333333,"Robert De Niro, Ray Liotta, Joe Pesci, Lorraine Bracco, Paul Sorvino, Frank Sivero, Tony Darrow, Mike Starr, Frank Vincent, Chuck Low, Frank DiLeo, Henny Youngman, Gina Mastrogiacomo, Catherine Scorsese, Charles Scorsese",,,,,,,,,,,,,,,,,,,146
The Matrix,"Action, Sci-Fi",2.266666667,"Keanu Reeves, Laurence Fishburne, Carrie-Anne Moss, Hugo Weaving, Gloria Foster, Joe Pantoliano, Marcus Chong, Julian Arahanga, Matt Doran, Belinda McClory, Anthony Ray Parker, Paul Goddard, Robert Taylor, David Aston, Marc Aden Gray",,,,,,,,,,,,,,,,,,,136
The Lord of the Rings: The Two Towers,"Action, Adventure, Drama",2.983333333,"Bruce Allpress, Sean Astin, John Bach, Sala Baker, Cate Blanchett, Orlando Bloom, Billy Boyd, Jed Brophy, Sam Comery, Brad Dourif, Calum Gittins, Bernard Hill, Bruce Hopkins, Paris Howe Strewe, Christopher Lee",,,,,,,,,,,,,,,,,,,179
It's a Wonderful Life,"Drama, Family, Fantasy",2.166666667,"James Stewart, Donna Reed, Lionel Barrymore, Thomas Mitchell, Henry Travers, Beulah Bondi, Frank Faylen, Ward Bond, Gloria Grahame, H.B. Warner, Frank Albertson, Todd Karns, Samuel S. Hinds, Mary Treen, Virginia Patton",,,,,,,,,,,,,,,,,,,130
Shichinin no samurai,"Action, Adventure, Drama",3.45,"Toshirô Mifune, Takashi Shimura, Keiko Tsushima, Yukiko Shimazaki, Kamatari Fujiwara, Daisuke Katô, Isao Kimura, Minoru Chiaki, Seiji Miyaguchi, Yoshio Kosugi, Bokuzen Hidari, Yoshio Inaba, Yoshio Tsuchiya, Kokuten Kôdô, Eijirô Tôno",,,,,,,,,,,,,,,,,,,207
Star Wars,"Action, Adventure, Fantasy",2.016666667,"Mark Hamill, Harrison Ford, Carrie Fisher, Peter Cushing, Alec Guinness, Anthony Daniels, Kenny Baker, Peter Mayhew, David Prowse, Phil Brown, Shelagh Fraser, Jack Purvis, Alex McCrindle, Eddie Byrne, Drewe Henley",,,,,,,,,,,,,,,,,,,121
The Silence of the Lambs,"Crime, Drama, Thriller",1.966666667,"Jodie Foster, Lawrence A. Bonney, Kasi Lemmons, Lawrence T. Wrentz, Scott Glenn, Anthony Heald, Frankie Faison, Don Brockett, Frank Seals Jr., Stuart Rudin, Anthony Hopkins, Maria Skorobogatov, Jeffrie Lane, Leib Lensky, George 'Red' Schwartz",,,,,,,,,,,,,,,,,,,118
Se7en,"Crime, Drama, Mystery",2.116666667,"Morgan Freeman, Andrew Kevin Walker, Daniel Zacapa, Brad Pitt, Gwyneth Paltrow, John Cassini, Bob Mack, Peter Crombie, Reg E. Cathey, R. Lee Ermey, George Christy, Endre Hules, Hawthorne James, William Davidson, Bob Collins",,,,,,,,,,,,,,,,,,,127
La vita è bella,"Comedy, Drama, Romance",1.933333333,"Roberto Benigni, Nicoletta Braschi, Giorgio Cantarini, Giustino Durano, Sergio Bini Bustric, Marisa Paredes, Horst Buchholz, Lidia Alfonsi, Giuliana Lojodice, Amerigo Fontani, Pietro De Silva, Francesco Guzzo, Raffaella Lebboroni, Claudio Alfonsi, Gil Baroni",,,,,,,,,,,,,,,,,,,116
The Green Mile,"Crime, Drama, Fantasy",3.15,"Tom Hanks, David Morse, Bonnie Hunt, Michael Clarke Duncan, James Cromwell, Michael Jeter, Graham Greene, Doug Hutchison, Sam Rockwell, Barry Pepper, Jeffrey DeMunn, Patricia Clarkson, Harry Dean Stanton, Dabbs Greer, Eve Brent",,,,,,,,,,,,,,,,,,,189
Saving Private Ryan,"Drama, War",2.816666667,"Tom Hanks, Tom Sizemore, Edward Burns, Barry Pepper, Adam Goldberg, Vin Diesel, Giovanni Ribisi, Jeremy Davies, Matt Damon, Ted Danson, Paul Giamatti, Dennis Farina, Joerg Stadler, Max Martini, Dylan Bruno",,,,,,,,,,,,,,,,,,,169
Sen to Chihiro no kamikakushi,"Animation, Adventure, Family",2.083333333,"Rumi Hiiragi, Miyu Irino, Mari Natsuki, Takashi Naitô, Yasuko Sawaguchi, Tatsuya Gashûin, Ryûnosuke Kamiki, Yumi Tamai, Yô Ôizumi, Koba Hayashi, Tsunehiko Kamijô, Takehiko Ono, Bunta Sugawara, Shigeru Wakita, Shirô Saitô",,,,,,,,,,,,,,,,,,,125
Cidade de Deus,"Crime, Drama",2.166666667,"Alexandre Rodrigues, Leandro Firmino, Phellipe Haagensen, Douglas Silva, Jonathan Haagensen, Matheus Nachtergaele, Seu Jorge, Jefechander Suplino, Alice Braga, Emerson Gomes, Edson Oliveira, Michel Gomes, Roberta Rodrigues, Luis Otávio, Kiko Marques",,,,,,,,,,,,,,,,,,,130
Interstellar,"Adventure, Drama, Sci-Fi",2.816666667,"Ellen Burstyn, Matthew McConaughey, Mackenzie Foy, John Lithgow, Timothée Chalamet, David Oyelowo, Collette Wolfe, Francis X. McCarthy, Bill Irwin, Anne Hathaway, Andrew Borba, Wes Bentley, William Devane, Michael Caine, David Gyasi",,,,,,,,,,,,,,,,,,,169
Gisaengchung,"Comedy, Drama, Thriller",2.2,"Kang-ho Song, Sun-kyun Lee, Yeo-jeong Jo, Woo-sik Choi, So-dam Park, Jeong-eun Lee, Hye-jin Jang, Myeong-hoon Park, Ji-so Jung, Hyun-jun Jung, Keun-rok Park, Jeong Esuz, Jo Jae-Myeong, Ik-han Jung, Kim Gyu Baek",,,,,,,,,,,,,,,,,,,132
City Lights,"Comedy, Drama, Romance",1.45,"Virginia Cherrill, Florence Lee, Harry Myers, Al Ernest Garcia, Hank Mann, Charles Chaplin",,,,,,,,,,,,,,,,,,,87
Modern Times,"Comedy, Drama, Family",1.45,"Charles Chaplin, Paulette Goddard, Henry Bergman, Tiny Sandford, Chester Conklin, Hank Mann, Stanley Blystone, Al Ernest Garcia, Richard Alexander, Cecil Reynolds, Mira McKinney, Murdock MacQuarrie, Wilfred Lucas, Edward LeSaint, Fred Malatesta",,,,,,,,,,,,,,,,,,,87
Casablanca,"Drama, Romance, War",1.7,"Humphrey Bogart, Ingrid Bergman, Paul Henreid, Claude Rains, Conrad Veidt, Sydney Greenstreet, Peter Lorre, S.Z. Sakall, Madeleine Lebeau, Dooley Wilson, Joy Page, John Qualen, Leonid Kinskey, Curt Bois",,,,,,,,,,,,,,,,,,,102
Psycho,"Horror, Mystery, Thriller",1.816666667,"Anthony Perkins, Vera Miles, John Gavin, Janet Leigh, Martin Balsam, John McIntire, Simon Oakland, Frank Albertson, Patricia Hitchcock, Vaughn Taylor, Lurene Tuttle, John Anderson, Mort Mills",,,,,,,,,,,,,,,,,,,109
C'era una volta il West,Western,2.75,"Claudia Cardinale, Henry Fonda, Jason Robards, Charles Bronson, Gabriele Ferzetti, Paolo Stoppa, Woody Strode, Jack Elam, Keenan Wynn, Frank Wolff, Lionel Stander",,,,,,,,,,,,,,,,,,,165
Back to the Future,"Adventure, Comedy, Sci-Fi",1.933333333,"Michael J. Fox, Christopher Lloyd, Lea Thompson, Crispin Glover, Thomas F. Wilson, Claudia Wells, Marc McClure, Wendie Jo Sperber, George DiCenzo, Frances Lee McCain, James Tolkan, J.J. Cohen, Casey Siemaszko, Billy Zane, Harry Waters Jr.",,,,,,,,,,,,,,,,,,,116
Hotaru no haka,"Animation, Drama, War",1.483333333,"Tsutomu Tatsumi, Ayano Shiraishi, Yoshiko Shinohara, Akemi Yamaguchi, Tadashi Nakamura, Marcy Bannor, Shelley Calene-Black, Luci Christian, Shannon Conley, Justin Doran, Crispin Freeman, Adam Gibbs, Dan Green, Amy Jones, Susan O. Koozin",,,,,,,,,,,,,,,,,,,89
Nuovo Cinema Paradiso,Drama,2.583333333,"Antonella Attili, Enzo Cannavale, Isa Danieli, Leo Gullotta, Marco Leonardi, Pupella Maggio, Agnese Nano, Leopoldo Trieste, Salvatore Cascio, Tano Cimarosa, Nicola Di Pinto, Roberta Lena, Nino Terzo, Jacques Perrin, Philippe Noiret",,,,,,,,,,,,,,,,,,,155
Terminator 2: Judgment Day,"Action, Sci-Fi",2.283333333,"Arnold Schwarzenegger, Linda Hamilton, Edward Furlong, Robert Patrick, Earl Boen, Joe Morton, S. Epatha Merkerson, Castulo Guerra, Danny Cooksey, Jenette Goldstein, Xander Berkeley, Leslie Hamilton Gearren, Ken Gibbel, Robert Winley, Peter Schrum",,,,,,,,,,,,,,,,,,,137
The Lion King,"Animation, Adventure, Drama",1.466666667,"Rowan Atkinson, Matthew Broderick, Niketa Calame-Harris, Jim Cummings, Whoopi Goldberg, Robert Guillaume, Jeremy Irons, James Earl Jones, Moira Kelly, Nathan Lane, Zoe Leader, Cheech Marin, Ernie Sabella, Madge Sinclair, Jonathan Taylor Thomas",,,,,,,,,,,,,,,,,,,88
Léon,"Action, Crime, Drama",1.833333333,"Jean Reno, Gary Oldman, Natalie Portman, Danny Aiello, Peter Appel, Willi One Blood, Don Creech, Keith A. Glascoe, Randolph Scott, Michael Badalucco, Ellen Greene, Elizabeth Regen, Carl J. Matusovich, Frank Senger, Lucius Wyatt Cherokee",,,,,,,,,,,,,,,,,,,110
The Usual Suspects,"Crime, Mystery, Thriller",1.766666667,"Stephen Baldwin, Gabriel Byrne, Benicio Del Toro, Kevin Pollak, Kevin Spacey, Chazz Palminteri, Pete Postlethwaite, Suzy Amis, Giancarlo Esposito, Dan Hedaya, Paul Bartel, Carl Bressler, Phillipe Simon, Jack Shearer, Christine Estabrook",,,,,,,,,,,,,,,,,,,106
American History X,Drama,1.983333333,"Edward Norton, Edward Furlong, Beverly D'Angelo, Jennifer Lien, Ethan Suplee, Fairuza Balk, Avery Brooks, Elliott Gould, Stacy Keach, William Russ, Guy Torry, Joe Cortese, Jason Bose Smith, Antonio David Lyons, Alex Sol",,,,,,,,,,,,,,,,,,,119
Gladiator,"Action, Adventure, Drama",2.583333333,"Russell Crowe, Joaquin Phoenix, Connie Nielsen, Oliver Reed, Richard Harris, Derek Jacobi, Djimon Hounsou, David Schofield, John Shrapnel, Tomas Arana, Ralf Moeller, Spencer Treat Clark, David Hemmings, Tommy Flanagan, Sven-Ole Thorsen",,,,,,,,,,,,,,,,,,,155
The Pianist,"Biography, Drama, Music",2.5,"Adrien Brody, Emilia Fox, Michal Zebrowski, Ed Stoppard, Maureen Lipman, Frank Finlay, Jessica Kate Meyer, Julia Rayner, Wanja Mues, Richard Ridings, Nomi Sharron, Anthony Milner, Lucy Skeaping, Roddy Skeaping, Ben Harlan",,,,,,,,,,,,,,,,,,,150
The Departed,"Crime, Drama, Thriller",2.516666667,"Leonardo DiCaprio, Matt Damon, Jack Nicholson, Mark Wahlberg, Martin Sheen, Ray Winstone, Vera Farmiga, Anthony Anderson, Alec Baldwin, Kevin Corrigan, James Badge Dale, David O'Hara, Mark Rolston, Robert Wahlberg, Kristen Dalton",,,,,,,,,,,,,,,,,,,151
The Prestige,"Drama, Mystery, Sci-Fi",2.166666667,"Hugh Jackman, Christian Bale, Michael Caine, Piper Perabo, Rebecca Hall, Scarlett Johansson, Samantha Mahurin, David Bowie, Andy Serkis, Daniel Davis, Jim Piddock, Christopher Neame, Mark Ryan, Roger Rees, Jamie Harris",,,,,,,,,,,,,,,,,,,130
Intouchables,"Biography, Comedy, Drama",1.866666667,"François Cluzet, Omar Sy, Anne Le Ny, Audrey Fleurot, Joséphine de Meaux, Clotilde Mollet, Alba Gaïa Bellugi, Cyril Mendy, Salimata Kamate, Absa Diatou Toure, Grégoire Oestermann, Dominique Daguier, François Caron, Christian Ameri, Thomas Solivérès",,,,,,,,,,,,,,,,,,,112
Whiplash,"Drama, Music",1.766666667,"Miles Teller, J.K. Simmons, Paul Reiser, Melissa Benoist, Austin Stowell, Nate Lang, Chris Mulkey, Damon Gupton, Suanne Spoke, Max Kasch, Charlie Ian, Jayson Blair, Kofi Siriboe, Kavita Patil, C.J. Vana",,,,,,,,,,,,,,,,,,,106
Joker,"Crime, Drama, Thriller",2.033333333,"Joaquin Phoenix, Robert De Niro, Zazie Beetz, Frances Conroy, Brett Cullen, Shea Whigham, Bill Camp, Glenn Fleshler, Leigh Gill, Josh Pais, Rocco Luna, Marc Maron, Sondra James, Murphy Guyer, Douglas Hodge",,,,,,,,,,,,,,,,,,,122
The Great Dictator,"Comedy, Drama, War",2.083333333,"Charles Chaplin, Jack Oakie, Reginald Gardiner, Henry Daniell, Billy Gilbert, Grace Hayle, Carter DeHaven, Paulette Goddard, Maurice Moscovitch, Emma Dunn, Bernard Gorcey, Paul Weigel, Chester Conklin, Esther Michelson, Hank Mann",,,,,,,,,,,,,,,,,,,125
Sunset Blvd.,"Drama, Film-Noir",1.833333333,"William Holden, Gloria Swanson, Erich von Stroheim, Nancy Olson, Fred Clark, Lloyd Gough, Jack Webb, Franklyn Farnum, Larry J. Blake, Charles Dayton, Cecil B. DeMille, Hedda Hopper, Buster Keaton, Anna Q. Nilsson, H.B. Warner",,,,,,,,,,,,,,,,,,,110
Rear Window,"Mystery, Thriller",1.866666667,"James Stewart, Grace Kelly, Wendell Corey, Thelma Ritter, Raymond Burr, Judith Evelyn, Ross Bagdasarian, Georgine Darcy, Sara Berner, Frank Cady, Jesslyn Fax, Rand Harper, Irene Winston, Havis Davenport",,,,,,,,,,,,,,,,,,,112
Paths of Glory,"Drama, War",1.466666667,"Kirk Douglas, Ralph Meeker, Adolphe Menjou, George Macready, Wayne Morris, Richard Anderson, Joe Turkel, Christiane Kubrick, Jerry Hausner, Peter Capell, Emile Meyer, Bert Freed, Kem Dibbs, Timothy Carey, Fred Bell",,,,,,,,,,,,,,,,,,,88
Witness for the Prosecution,"Crime, Drama, Mystery",1.933333333,"Tyrone Power, Marlene Dietrich, Charles Laughton, Elsa Lanchester, John Williams, Henry Daniell, Ian Wolfe, Torin Thatcher, Norma Varden, Una O'Connor, Francis Compton, Philip Tonge, Ruta Lee",,,,,,,,,,,,,,,,,,,116
Dr. Strangelove or: How I Learned to Stop Worrying and Love the Bomb,Comedy,1.583333333,"Peter Sellers, George C. Scott, Sterling Hayden, Keenan Wynn, Slim Pickens, Peter Bull, James Earl Jones, Tracy Reed, Jack Creley, Frank Berry, Robert O'Neil, Glenn Beck, Roy Stephens, Shane Rimmer, Hal Galili",,,,,,,,,,,,,,,,,,,95
Alien,"Horror, Sci-Fi",1.95,"Tom Skerritt, Sigourney Weaver, Veronica Cartwright, Harry Dean Stanton, John Hurt, Ian Holm, Yaphet Kotto, Bolaji Badejo, Helen Horton",,,,,,,,,,,,,,,,,,,117
Apocalypse Now,"Drama, Mystery, War",2.45,"Marlon Brando, Martin Sheen, Robert Duvall, Frederic Forrest, Sam Bottoms, Laurence Fishburne, Albert Hall, Harrison Ford, Dennis Hopper, G.D. Spradlin, Jerry Ziesmer, Scott Glenn, Bo Byers, James Keane, Kerry Rossall",,,,,,,,,,,,,,,,,,,147
The Shining,"Drama, Horror",2.433333333,"Jack Nicholson, Shelley Duvall, Danny Lloyd, Scatman Crothers, Barry Nelson, Philip Stone, Joe Turkel, Anne Jackson, Tony Burton, Lia Beldam, Billie Gibson, Barry Dennen, David Baxt, Manning Redwood, Lisa Burns",,,,,,,,,,,,,,,,,,,146
Raiders of the Lost Ark,"Action, Adventure",1.916666667,"Harrison Ford, Karen Allen, Paul Freeman, Ronald Lacey, John Rhys-Davies, Denholm Elliott, Alfred Molina, Wolf Kahler, Anthony Higgins, Vic Tablian, Don Fellows, William Hootkins, Bill Reimbold, Fred Sorenson, Patrick Durkin",,,,,,,,,,,,,,,,,,,115
Once Upon a Time in America,"Crime, Drama",3.816666667,"Robert De Niro, James Woods, Elizabeth McGovern, Treat Williams, Tuesday Weld, Burt Young, Joe Pesci, Danny Aiello, William Forsythe, James Hayden, Darlanne Fluegel, Larry Rapp, Dutch Miller, Robert Harper, Richard Bright",,,,,,,,,,,,,,,,,,,229
Mononoke-hime,"Animation, Adventure, Fantasy",2.233333333,"Billy Crudup, Billy Bob Thornton, Minnie Driver, John DiMaggio, Claire Danes, John DeMita, Jada Pinkett Smith, Gillian Anderson, Keith David, Corey Burton, Tara Strong, Julia Fletcher, Debi Derryberry, Alex Fernandez, Jack Fletcher",,,,,,,,,,,,,,,,,,,134
Memento,"Mystery, Thriller",1.883333333,"Guy Pearce, Carrie-Anne Moss, Joe Pantoliano, Mark Boone Junior, Russ Fega, Jorja Fox, Stephen Tobolowsky, Harriet Sansom Harris, Thomas Lennon, Callum Keith Rennie, Kimberly Campbell, Marianne Muellerleile, Larry Holden",,,,,,,,,,,,,,,,,,,113
Oldeuboi,"Action, Drama, Mystery",2,"Min-sik Choi, Ji-Tae Yoo, Hye-jeong Kang, Dae-han Ji, Dal-su Oh, Byeong-ok Kim, Seung-shin Lee, Jin-Seo Yoon, Dae-yeon Lee, Kwang-rok Oh, Tae-kyung Oh, Yeon-Seok Yoo, Il-han Oo, Su-hyeon Kim, Seung-jin Lee",,,,,,,,,,,,,,,,,,,120
Das Leben der Anderen,"Drama, Mystery, Thriller",2.283333333,"Martina Gedeck, Ulrich Mühe, Sebastian Koch, Ulrich Tukur, Thomas Thieme, Hans-Uwe Bauer, Volkmar Kleinert, Matthias Brenner, Charly Hübner, Herbert Knaup, Bastian Trost, Marie Gruber, Volker Michalowski, Werner Daehn, Martin Brambach",,,,,,,,,,,,,,,,,,,137
WALL·E,"Animation, Adventure, Family",1.633333333,"Ben Burtt, Elissa Knight, Jeff Garlin, Fred Willard, MacInTalk, John Ratzenberger, Kathy Najimy, Sigourney Weaver, Teddy Newton, Bob Bergen, John Cygan, Pete Docter, Paul Eiding, Donald Fullilove, Teresa Ganzel",,,,,,,,,,,,,,,,,,,98
Taare Zameen Par,"Drama, Family",2.75,"Darsheel Safary, Aamir Khan, Tisca Chopra, Vipin Sharma, Sachet Engineer, Tanay Chheda, Lalitha Lajmi, Girija Oak, Ravi Khanvilkar, Pratima Kulkarni, Meghna Malik, Sonali Sachdev, Sanjay Dadich, Raaj Gopal Iyer, Bugs Bhargava",,,,,,,,,,,,,,,,,,,165
3 Idiots,"Comedy, Drama",2.833333333,"Aamir Khan, Madhavan, Sharman Joshi, Kareena Kapoor, Boman Irani, Omi Vaidya, Mona Singh, Olivier Lafont, Rahul Kumar, Parikshit Sahni, Farida Dadi, Amardeep Jha, Mukund Bhatt, Chaitali Bose, Javed Jaffrey",,,,,,,,,,,,,,,,,,,170
The Dark Knight Rises,"Action, Adventure",2.733333333,"Christian Bale, Gary Oldman, Tom Hardy, Joseph Gordon-Levitt, Anne Hathaway, Marion Cotillard, Morgan Freeman, Michael Caine, Matthew Modine, Alon Aboutboul, Ben Mendelsohn, Burn Gorman, Daniel Sunjata, Aidan Gillen, Sam Kennard",,,,,,,,,,,,,,,,,,,164
Django Unchained,"Drama, Western",2.75,"Jamie Foxx, Christoph Waltz, Leonardo DiCaprio, Kerry Washington, Samuel L. Jackson, Walton Goggins, Dennis Christopher, James Remar, David Steen, Dana Gourrier, Nichole Galicia, Laura Cayouette, Ato Essandoh, Sammi Rotibi, Clay Donahue Fontenot",,,,,,,,,,,,,,,,,,,165
Coco,"Animation, Adventure, Family",1.75,"Anthony Gonzalez, Gael García Bernal, Benjamin Bratt, Alanna Ubach, Renee Victor, Jaime Camil, Alfonso Arau, Herbert Siguenza, Gabriel Iglesias, Lombardo Boyar, Ana Ofelia Murguía, Natalia Cordova-Buckley, Selene Luna, Edward James Olmos, Sofía Espinosa",,,,,,,,,,,,,,,,,,,105
Avengers: Infinity War,"Action, Adventure, Sci-Fi",2.483333333,"Robert Downey Jr., Chris Hemsworth, Mark Ruffalo, Chris Evans, Scarlett Johansson, Don Cheadle, Benedict Cumberbatch, Tom Holland, Chadwick Boseman, Zoe Saldana, Karen Gillan, Tom Hiddleston, Paul Bettany, Elizabeth Olsen, Anthony Mackie",,,,,,,,,,,,,,,,,,,149
Avengers: Endgame,"Action, Adventure, Drama",3.016666667,"Robert Downey Jr., Chris Evans, Mark Ruffalo, Chris Hemsworth, Scarlett Johansson, Jeremy Renner, Don Cheadle, Paul Rudd, Benedict Cumberbatch, Chadwick Boseman, Brie Larson, Tom Holland, Karen Gillan, Zoe Saldana, Evangeline Lilly",,,,,,,,,,,,,,,,,,,181
Spider-Man: Into the Spider-Verse,"Animation, Action, Adventure",1.95,"Shameik Moore, Jake Johnson, Hailee Steinfeld, Mahershala Ali, Brian Tyree Henry, Lily Tomlin, Luna Lauren Velez, Zoë Kravitz, John Mulaney, Kimiko Glenn, Nicolas Cage, Kathryn Hahn, Liev Schreiber, Chris Pine, Natalie Morales",,,,,,,,,,,,,,,,,,,117
Dangal,"Action, Biography, Drama",2.683333333,"Aamir Khan, Fatima Sana Shaikh, Sanya Malhotra, Sakshi Tanwar, Aparshakti Khurana, Zaira Wasim, Suhani Bhatnagar, Ritvik Sahore, Girish Kulkarni, Ravi Aneja, Anurag Arora, Mahesh Balraj, Vivan Bhatena, Anmol Charan, Karamveer Choudhary",,,,,,,,,,,,,,,,,,,161
Kimi no na wa.,"Animation, Drama, Fantasy",1.766666667,"Ryûnosuke Kamiki, Mone Kamishiraishi, Ryô Narita, Aoi Yûki, Nobunaga Shimazaki, Kaito Ishikawa, Kanon Tani, Masaki Terasoma, Sayaka Ôhara, Kazuhiko Inoue, Chafûrin, Kana Hanazawa, Yuka Terasaki, Takashi Onozuka, Yôhei Namekawa",,,,,,,,,,,,,,,,,,,106
Capharnaüm,Drama,2.1,"Zain Al Rafeea, Yordanos Shiferaw, Boluwatife Treasure Bankole, Kawsar Al Haddad, Fadi Yousef, Cedra Izzam, Alaa Chouchnieh, Elias Khoury, Mohammad Al Abdallah, Mohamad Abdellatif, Abdo Abdo, Hampig Abraham, Jamil Ahmad, Mohamad Akkar, Elias Akobegia",,,,,,,,,,,,,,,,,,,126
The Kid,"Comedy, Drama, Family",1.133333333,"Carl Miller, Edna Purviance, Jackie Coogan, Charles Chaplin",,,,,,,,,,,,,,,,,,,68
Metropolis,"Drama, Sci-Fi",2.55,"Alfred Abel, Gustav Fröhlich, Rudolf Klein-Rogge, Fritz Rasp, Theodor Loos, Erwin Biswanger, Heinrich George, Brigitte Helm",,,,,,,,,,,,,,,,,,,153
M - Eine Stadt sucht einen Mörder,"Crime, Mystery, Thriller",1.95,"Peter Lorre, Ellen Widmann, Inge Landgut, Otto Wernicke, Theodor Loos, Gustaf Gründgens, Friedrich Gnaß, Fritz Odemar, Paul Kemp, Theo Lingen, Rudolf Blümner, Georg John, Franz Stein, Ernst Stahl-Nachbaur, Gerhard Bienert",,,,,,,,,,,,,,,,,,,117
Citizen Kane,"Drama, Mystery",1.983333333,"Joseph Cotten, Dorothy Comingore, Agnes Moorehead, Ruth Warrick, Ray Collins, Erskine Sanford, Everett Sloane, William Alland, Paul Stewart, George Coulouris, Fortunio Bonanova, Gus Schilling, Philip Van Zandt, Georgia Backus, Harry Shannon",,,,,,,,,,,,,,,,,,,119
Double Indemnity,"Crime, Drama, Film-Noir",1.783333333,"Fred MacMurray, Barbara Stanwyck, Edward G. Robinson, Porter Hall, Jean Heather, Tom Powers, Byron Barr, Richard Gaines, Fortunio Bonanova, John Philliber",,,,,,,,,,,,,,,,,,,107
Ladri di biciclette,Drama,1.483333333,"Lamberto Maggiorani, Enzo Staiola, Lianella Carell, Elena Altieri, Gino Saltamerenda, Giulio Chiari, Vittorio Antonucci, Michele Sakara, Fausto Guerzoni, Emma Druetti, Carlo Jachino",,,,,,,,,,,,,,,,,,,89
Ikiru,Drama,2.383333333,"Takashi Shimura, Shin'ichi Himori, Haruo Tanaka, Minoru Chiaki, Miki Odagiri, Bokuzen Hidari, Minosuke Yamada, Kamatari Fujiwara, Makoto Kobori, Nobuo Kaneko, Nobuo Nakamura, Atsushi Watanabe, Isao Kimura, Masao Shimizu, Yûnosuke Itô",,,,,,,,,,,,,,,,,,,143
Singin' in the Rain,"Comedy, Musical, Romance",1.716666667,"Gene Kelly, Donald O'Connor, Debbie Reynolds, Jean Hagen, Millard Mitchell, Cyd Charisse, Douglas Fowley, Rita Moreno",,,,,,,,,,,,,,,,,,,103
Vertigo,"Mystery, Romance, Thriller",2.133333333,"James Stewart, Kim Novak, Barbara Bel Geddes, Tom Helmore, Henry Jones, Raymond Bailey, Ellen Corby, Konstantin Shayne, Lee Patrick",,,,,,,,,,,,,,,,,,,128
North by Northwest,"Adventure, Mystery, Thriller",2.266666667,"Cary Grant, Eva Marie Saint, James Mason, Jessie Royce Landis, Leo G. Carroll, Josephine Hutchinson, Philip Ober, Martin Landau, Adam Williams, Edward Platt, Robert Ellenstein, Les Tremayne, Philip Coolidge, Patrick McVey, Edward Binns",,,,,,,,,,,,,,,,,,,136
The Apartment,"Comedy, Drama, Romance",2.083333333,"Jack Lemmon, Shirley MacLaine, Fred MacMurray, Ray Walston, Jack Kruschen, David Lewis, Hope Holiday, Joan Shawlee, Naomi Stevens, Johnny Seven, Joyce Jameson, Willard Waterman, David White, Edie Adams",,,,,,,,,,,,,,,,,,,125
Lawrence of Arabia,"Adventure, Biography, Drama",3.8,"Peter O'Toole, Alec Guinness, Anthony Quinn, Jack Hawkins, Omar Sharif, José Ferrer, Anthony Quayle, Claude Rains, Arthur Kennedy, Donald Wolfit, I.S. Johar, Gamil Ratib, Michel Ray, John Dimech, Zia Mohyeddin",,,,,,,,,,,,,,,,,,,228
Per qualche dollaro in più,Western,2.2,"Clint Eastwood, Lee Van Cleef, Gian Maria Volontè, Mara Krupp, Luigi Pistilli, Klaus Kinski, Luis Rodríguez, Benito Stefanelli, Panos Papadopulos, Aldo Sambrell, Roberto Camardiel, Joseph Egger, Tomás Blanco, Lorenzo Robledo, Dante Maggio",,,,,,,,,,,,,,,,,,,132
2001: A Space Odyssey,"Adventure, Sci-Fi",2.483333333,"Keir Dullea, Gary Lockwood, William Sylvester, Daniel Richter, Leonard Rossiter, Margaret Tyzack, Robert Beatty, Sean Sullivan, Douglas Rain, Frank Miller, Bill Weston, Ed Bishop, Glenn Beck, Alan Gifford, Ann Gillis",,,,,,,,,,,,,,,,,,,149
A Clockwork Orange,"Crime, Drama, Sci-Fi",2.266666667,"Malcolm McDowell, Patrick Magee, Michael Bates, Warren Clarke, John Clive, Adrienne Corri, Carl Duering, Paul Farrell, Clive Francis, Michael Gover, Miriam Karlin, James Marcus, Aubrey Morris, Godfrey Quigley, Sheila Raynor",,,,,,,,,,,,,,,,,,,136
The Sting,"Comedy, Crime, Drama",2.15,"Paul Newman, Robert Redford, Robert Shaw, Charles Durning, Ray Walston, Eileen Brennan, Harold Gould, John Heffernan, Dana Elcar, Jack Kehoe, Dimitra Arliss, Robert Earl Jones, James Sloyan, Charles Dierkop, Lee Paul",,,,,,,,,,,,,,,,,,,129
Taxi Driver,"Crime, Drama",1.9,"Diahnne Abbott, Frank Adu, Victor Argo, Gino Ardito, Garth Avery, Peter Boyle, Albert Brooks, Harry Cohn, Copper Cunningham, Robert De Niro, Brenda Dickson, Harry Fischler, Jodie Foster, Nat Grant, Leonard Harris",,,,,,,,,,,,,,,,,,,114
Das Boot,"Adventure, Drama, Thriller",2.483333333,"Jürgen Prochnow, Herbert Grönemeyer, Klaus Wennemann, Hubertus Bengsch, Martin Semmelrogge, Bernd Tauber, Erwin Leder, Martin May, Heinz Hoenig, Uwe Ochsenknecht, Claude-Oliver Rudolph, Jan Fedder, Ralf Richter, Joachim Bernhard, Oliver Stritzel",,,,,,,,,,,,,,,,,,,149
Star Wars: Episode VI - Return of the Jedi,"Action, Adventure, Fantasy",2.183333333,"Mark Hamill, Harrison Ford, Carrie Fisher, Billy Dee Williams, Anthony Daniels, Peter Mayhew, Sebastian Shaw, Ian McDiarmid, Frank Oz, James Earl Jones, David Prowse, Alec Guinness, Kenny Baker, Michael Pennington, Kenneth Colley",,,,,,,,,,,,,,,,,,,131
Scarface,"Crime, Drama",2.833333333,"Al Pacino, Steven Bauer, Michelle Pfeiffer, Mary Elizabeth Mastrantonio, Robert Loggia, Miriam Colon, F. Murray Abraham, Paul Shenar, Harris Yulin, Ángel Salazar, Arnaldo Santana, Pepe Serna, Michael P. Moran, Al Israel, Dennis Holahan",,,,,,,,,,,,,,,,,,,170
Amadeus,"Biography, Drama, History",2.666666667,"F. Murray Abraham, Tom Hulce, Elizabeth Berridge, Roy Dotrice, Simon Callow, Christine Ebersole, Jeffrey Jones, Charles Kay, Kenneth McMillan, Kenny Baker, Lisbeth Bartlett, Barbara Bryne, Martin Cavina, Roderick Cook, Milan Demjanenko",,,,,,,,,,,,,,,,,,,160
Shrek,Kids,2.52,"Mike Myers, Eddie Murphy",,,,,,,,,,,,,,,,,,,
The Ring,Horror,3,"Naomi Watts, Martin Henderson",,,,,,,,,,,,,,,,,,,
Anchorman,Comedy,3.63,"Will Ferrell, Christina Applegate",,,,,,,,,,,,,,,,,,,
Die Hard,Action,2.94,"Bruce Willis, Alan Rickman",,,,,,,,,,,,,,,,,,,
Borat,Comedy,2.52,"Sacha Baron Cohen, Ken Davitian",,,,,,,,,,,,,,,,,,,
Aliens,Action,3.26,"Sigourney Weaver, Michael Biehn",,,,,,,,,,,,,,,,,,,
Toy Story,Kids,3.13,"Tom Hanks, Tim Allen",,,,,,,,,,,,,,,,,,,
Neverending Story,Kids,3.25,"Barret Oliver, Noah Hathaway",,,,,,,,,,,,,,,,,,,
Mothman Prophecies,Horror,3.73,"Richard Gere, Laura Linney",,,,,,,,,,,,,,,,,,,
The Hangover,Comedy,2.78,"Bradley Cooper, Zach Galifianakis",,,,,,,,,,,,,,,,,,,
The Avengers,Action,2.99,"Robert Downey Jr., Chris Evans",,,,,,,,,,,,,,,,,,,
Airplane!,Comedy,3.24,"Robert Hays, Julie Hagerty",,,,,,,,,,,,,,,,,,,
The Sixth Sense,Horror,3.27,"Bruce Willis, Haley Joel Osment",,,,,,,,,,,,,,,,,,,
The Silence of the Lambs,Horror,3.67,"Jodie Foster, Anthony Hopkins",,,,,,,,,,,,,,,,,,,
The Matrix,Action,3.59,"Keanu Reeves, Laurence Fishburne",,,,,,,,,,,,,,,,,,,
Up,Kids,2.55,"Edward Asner, Christopher Plummer",,,,,,,,,,,,,,,,,,,